"dataset","eval_protocol","model","eval_unit","fold","test_subject","validation_subject","train_subjects","n_train_windows","n_val_windows","n_test_windows","n_train_eval_samples","n_val_eval_samples","n_test_eval_samples","feature_set","window_type","task","sessions"
"pamap2","loso","gnn_learnable_adj","window","1","101","102","103,104,105,106,107,108,109","22221","4095","3883","22221","4095","3883","acc16_hr","overlapping","protocol12","protocol"
"pamap2","loso","gnn_learnable_adj","window","2","102","103","101,104,105,106,107,108,109","23396","2708","4095","23396","2708","4095","acc16_hr","overlapping","protocol12","protocol"
"pamap2","loso","gnn_learnable_adj","window","3","103","104","101,102,105,106,107,108,109","23892","3599","2708","23892","3599","2708","acc16_hr","overlapping","protocol12","protocol"
"pamap2","loso","gnn_learnable_adj","window","4","104","105","101,102,103,106,107,108,109","22364","4236","3599","22364","4236","3599","acc16_hr","overlapping","protocol12","protocol"
"pamap2","loso","gnn_learnable_adj","window","5","105","106","101,102,103,104,107,108,109","22076","3887","4236","22076","3887","4236","acc16_hr","overlapping","protocol12","protocol"
"pamap2","loso","gnn_learnable_adj","window","6","106","107","101,102,103,104,105,108,109","22695","3617","3887","22695","3617","3887","acc16_hr","overlapping","protocol12","protocol"
"pamap2","loso","gnn_learnable_adj","window","7","107","108","101,102,103,104,105,106,109","22506","4076","3617","22506","4076","3617","acc16_hr","overlapping","protocol12","protocol"
"pamap2","loso","gnn_learnable_adj","window","8","108","109","101,102,103,104,105,106,107","26025","98","4076","26025","98","4076","acc16_hr","overlapping","protocol12","protocol"
"pamap2","loso","gnn_learnable_adj","window","9","109","101","102,103,104,105,106,107,108","26218","3883","98","26218","3883","98","acc16_hr","overlapping","protocol12","protocol"
