dataset,eval_protocol,model,eval_unit,fold,fold_subject,test_subject,validation_subject,n_train_windows,n_val_windows,n_test_windows,n_test_windows_raw,n_train_eval_samples,n_val_eval_samples,n_test_eval_samples,n_test_predictions,n_test_classes,total_params,trainable_params,non_trainable_params,parameter_size_mb_float32,accuracy,balanced_accuracy,macro_f1,weighted_f1,macro_precision,macro_recall,artifact_dir
pamap2,loso,cnn,window,1,101,101,102,22221,4095,3883,3883,22221,4095,3883,3883,12,302188,302188,0,1.1527557373046875,0.7630697913984033,0.7708378601411364,0.7559626985702725,0.7473764044941583,0.7795849881895481,0.7708378601411364,results\canonical_protocol_only\core_comparison\pamap2\acc16_gyro\overlapping\loso\deep\pamap2\cnn\window
pamap2,loso,cnn,window,2,102,102,103,23396,2708,4095,4095,23396,2708,4095,4095,12,302188,302188,0,1.1527557373046875,0.7948717948717948,0.7826965341518427,0.7686712594710641,0.765988367975491,0.7731367188516006,0.7826965341518427,results\canonical_protocol_only\core_comparison\pamap2\acc16_gyro\overlapping\loso\deep\pamap2\cnn\window
pamap2,loso,cnn,window,3,103,103,104,23892,3599,2708,2708,23892,3599,2708,2708,8,302188,302188,0,1.1527557373046875,0.8792466765140325,0.8612279078480776,0.5865291416392983,0.8856677702666387,0.6057680737654911,0.5741519385653852,results\canonical_protocol_only\core_comparison\pamap2\acc16_gyro\overlapping\loso\deep\pamap2\cnn\window
pamap2,loso,cnn,window,4,104,104,105,22364,4236,3599,3599,22364,4236,3599,3599,10,302188,302188,0,1.1527557373046875,0.747429841622673,0.756620595629823,0.6030255838366564,0.7272963389461381,0.6246961823420412,0.6305171630248526,results\canonical_protocol_only\core_comparison\pamap2\acc16_gyro\overlapping\loso\deep\pamap2\cnn\window
pamap2,loso,cnn,window,5,105,105,106,22076,3887,4236,4236,22076,3887,4236,4236,12,302188,302188,0,1.1527557373046875,0.8097261567516525,0.8181980789210613,0.819830508322117,0.8124067308358197,0.8375684118519695,0.8181980789210613,results\canonical_protocol_only\core_comparison\pamap2\acc16_gyro\overlapping\loso\deep\pamap2\cnn\window
pamap2,loso,cnn,window,6,106,106,107,22695,3617,3887,3887,22695,3617,3887,3887,12,302188,302188,0,1.1527557373046875,0.8767687162335992,0.8012108333544466,0.7998160606404086,0.8800094153277177,0.8017147151328308,0.8012108333544466,results\canonical_protocol_only\core_comparison\pamap2\acc16_gyro\overlapping\loso\deep\pamap2\cnn\window
pamap2,loso,cnn,window,7,107,107,108,22506,4076,3617,3617,22506,4076,3617,3617,11,302188,302188,0,1.1527557373046875,0.8490461708598286,0.7815405645247592,0.7321722956188066,0.8379834099930376,0.7823352128577145,0.7164121841476959,results\canonical_protocol_only\core_comparison\pamap2\acc16_gyro\overlapping\loso\deep\pamap2\cnn\window
pamap2,loso,cnn,window,8,108,108,109,26025,98,4076,4076,26025,98,4076,4076,12,302188,302188,0,1.1527557373046875,0.3088812561334642,0.3211500397098202,0.2369895013626992,0.2566187001359888,0.2759633401972468,0.3211500397098202,results\canonical_protocol_only\core_comparison\pamap2\acc16_gyro\overlapping\loso\deep\pamap2\cnn\window
pamap2,loso,cnn,window,9,109,109,101,26218,3883,98,98,26218,3883,98,98,1,302188,302188,0,1.1527557373046875,0.8061224489795918,0.8061224489795918,0.0743879472693032,0.8926553672316384,0.0833333333333333,0.0671768707482993,results\canonical_protocol_only\core_comparison\pamap2\acc16_gyro\overlapping\loso\deep\pamap2\cnn\window
pamap2,loso,gnn,window,1,101,101,102,22221,4095,3883,3883,22221,4095,3883,3883,12,10892,10892,0,0.0415496826171875,0.7110481586402266,0.6729205561707133,0.6696959557088963,0.6977305165552203,0.7039761150381308,0.6729205561707133,results\canonical_protocol_only\core_comparison\pamap2\acc16_gyro\overlapping\loso\deep\pamap2\gnn\window
pamap2,loso,gnn,window,2,102,102,103,23396,2708,4095,4095,23396,2708,4095,4095,12,10892,10892,0,0.0415496826171875,0.6905982905982906,0.7013558270568213,0.6927068910855944,0.6809924920075485,0.7663006550426202,0.7013558270568213,results\canonical_protocol_only\core_comparison\pamap2\acc16_gyro\overlapping\loso\deep\pamap2\gnn\window
pamap2,loso,gnn,window,3,103,103,104,23892,3599,2708,2708,23892,3599,2708,2708,8,10892,10892,0,0.0415496826171875,0.8013293943870015,0.7682130789253235,0.523245726790468,0.8053324962045393,0.5560582264039237,0.5121420526168823,results\canonical_protocol_only\core_comparison\pamap2\acc16_gyro\overlapping\loso\deep\pamap2\gnn\window
pamap2,loso,gnn,window,4,104,104,105,22364,4236,3599,3599,22364,4236,3599,3599,10,10892,10892,0,0.0415496826171875,0.8724645734926368,0.8619594325895751,0.7224179143512073,0.8738272899621325,0.7317343106708855,0.7182995271579792,results\canonical_protocol_only\core_comparison\pamap2\acc16_gyro\overlapping\loso\deep\pamap2\gnn\window
pamap2,loso,gnn,window,5,105,105,106,22076,3887,4236,4236,22076,3887,4236,4236,12,10892,10892,0,0.0415496826171875,0.8215297450424929,0.7709781300611033,0.7870524456704913,0.8177889135652249,0.8456104964284243,0.7709781300611033,results\canonical_protocol_only\core_comparison\pamap2\acc16_gyro\overlapping\loso\deep\pamap2\gnn\window
pamap2,loso,gnn,window,6,106,106,107,22695,3617,3887,3887,22695,3617,3887,3887,12,10892,10892,0,0.0415496826171875,0.8224852071005917,0.7452165870272319,0.7499059327517489,0.8268228676055361,0.7748359364283369,0.7452165870272319,results\canonical_protocol_only\core_comparison\pamap2\acc16_gyro\overlapping\loso\deep\pamap2\gnn\window
pamap2,loso,gnn,window,7,107,107,108,22506,4076,3617,3617,22506,4076,3617,3617,11,10892,10892,0,0.0415496826171875,0.8744816145977329,0.8422062249994458,0.7824836688472621,0.8730865179659972,0.8040588401403163,0.7720223729161586,results\canonical_protocol_only\core_comparison\pamap2\acc16_gyro\overlapping\loso\deep\pamap2\gnn\window
pamap2,loso,gnn,window,8,108,108,109,26025,98,4076,4076,26025,98,4076,4076,12,10892,10892,0,0.0415496826171875,0.426153091265947,0.4262246625828874,0.3640055059088788,0.3753181770831659,0.3636237087038843,0.4262246625828874,results\canonical_protocol_only\core_comparison\pamap2\acc16_gyro\overlapping\loso\deep\pamap2\gnn\window
pamap2,loso,gnn,window,9,109,109,101,26218,3883,98,98,26218,3883,98,98,1,10892,10892,0,0.0415496826171875,0.7448979591836735,0.7448979591836735,0.0711500974658869,0.8538011695906432,0.0833333333333333,0.0620748299319727,results\canonical_protocol_only\core_comparison\pamap2\acc16_gyro\overlapping\loso\deep\pamap2\gnn\window
pamap2,loso,gnn_attention_adj,window,1,101,101,102,22221,4095,3883,3883,22221,4095,3883,3883,12,11333,11333,0,0.0432319641113281,0.7218645377285604,0.6817180154576099,0.6723352923724849,0.7021120235983176,0.7280951930484941,0.6817180154576099,results\canonical_protocol_only\core_comparison\pamap2\acc16_gyro\overlapping\loso\deep\pamap2\gnn_attention_adj\window
pamap2,loso,gnn_attention_adj,window,2,102,102,103,23396,2708,4095,4095,23396,2708,4095,4095,12,11333,11333,0,0.0432319641113281,0.7811965811965812,0.7820648515244248,0.7726655846344279,0.7795492623881328,0.8118831666842686,0.7820648515244248,results\canonical_protocol_only\core_comparison\pamap2\acc16_gyro\overlapping\loso\deep\pamap2\gnn_attention_adj\window
pamap2,loso,gnn_attention_adj,window,3,103,103,104,23892,3599,2708,2708,23892,3599,2708,2708,8,11333,11333,0,0.0432319641113281,0.8205317577548006,0.7831630340023958,0.5350231001236126,0.8236321916591434,0.5762744781306638,0.5221086893349306,results\canonical_protocol_only\core_comparison\pamap2\acc16_gyro\overlapping\loso\deep\pamap2\gnn_attention_adj\window
pamap2,loso,gnn_attention_adj,window,4,104,104,105,22364,4236,3599,3599,22364,4236,3599,3599,10,11333,11333,0,0.0432319641113281,0.8460683523200889,0.8426274116907522,0.6984646167522768,0.8486535186267862,0.7054594426236888,0.7021895097422934,results\canonical_protocol_only\core_comparison\pamap2\acc16_gyro\overlapping\loso\deep\pamap2\gnn_attention_adj\window
pamap2,loso,gnn_attention_adj,window,5,105,105,106,22076,3887,4236,4236,22076,3887,4236,4236,12,11333,11333,0,0.0432319641113281,0.853399433427762,0.8277597755997069,0.8402883717562624,0.8528170071007968,0.862789437078272,0.8277597755997069,results\canonical_protocol_only\core_comparison\pamap2\acc16_gyro\overlapping\loso\deep\pamap2\gnn_attention_adj\window
pamap2,loso,gnn_attention_adj,window,6,106,106,107,22695,3617,3887,3887,22695,3617,3887,3887,12,11333,11333,0,0.0432319641113281,0.8559300231541034,0.7754426117080708,0.7764305253524126,0.8582678939097365,0.7804425577656658,0.7754426117080708,results\canonical_protocol_only\core_comparison\pamap2\acc16_gyro\overlapping\loso\deep\pamap2\gnn_attention_adj\window
pamap2,loso,gnn_attention_adj,window,7,107,107,108,22506,4076,3617,3617,22506,4076,3617,3617,11,11333,11333,0,0.0432319641113281,0.8664639203760022,0.8246959782055598,0.7727604870017766,0.8628938359126602,0.8163064951594882,0.7559713133550966,results\canonical_protocol_only\core_comparison\pamap2\acc16_gyro\overlapping\loso\deep\pamap2\gnn_attention_adj\window
pamap2,loso,gnn_attention_adj,window,8,108,108,109,26025,98,4076,4076,26025,98,4076,4076,12,11333,11333,0,0.0432319641113281,0.4006378802747792,0.3788069127746781,0.3184170657394824,0.3535952905218021,0.342750579000886,0.3788069127746781,results\canonical_protocol_only\core_comparison\pamap2\acc16_gyro\overlapping\loso\deep\pamap2\gnn_attention_adj\window
pamap2,loso,gnn_attention_adj,window,9,109,109,101,26218,3883,98,98,26218,3883,98,98,1,11333,11333,0,0.0432319641113281,0.7653061224489796,0.7653061224489796,0.0722543352601156,0.8670520231213874,0.0833333333333333,0.0637755102040816,results\canonical_protocol_only\core_comparison\pamap2\acc16_gyro\overlapping\loso\deep\pamap2\gnn_attention_adj\window
pamap2,loso,gnn_flatten_lstm,sequence,1,101,101,102,22221,4095,3883,3883,22158,4086,3874,3874,12,454988,454988,0,1.7356414794921875,0.8549303045947341,0.8565471191694908,0.8634872030108706,0.8616212289088607,0.8945942852797607,0.8565471191694908,results\canonical_protocol_only\core_comparison\pamap2\acc16_gyro\overlapping\loso\deep\pamap2\gnn_flatten_lstm\sequence
pamap2,loso,gnn_flatten_lstm,sequence,2,102,102,103,23396,2708,4095,4095,23333,2699,4086,4086,12,454988,454988,0,1.7356414794921875,0.6979931473323544,0.7387183812913078,0.7080384420109341,0.6754029536078354,0.7826682818666519,0.7387183812913078,results\canonical_protocol_only\core_comparison\pamap2\acc16_gyro\overlapping\loso\deep\pamap2\gnn_flatten_lstm\sequence
pamap2,loso,gnn_flatten_lstm,sequence,3,103,103,104,23892,3599,2708,2708,23829,3590,2699,2699,8,454988,454988,0,1.7356414794921875,0.8921822897369396,0.8947668117890354,0.6008314057267299,0.9002604032814183,0.6156647030636117,0.596511207859357,results\canonical_protocol_only\core_comparison\pamap2\acc16_gyro\overlapping\loso\deep\pamap2\gnn_flatten_lstm\sequence
pamap2,loso,gnn_flatten_lstm,sequence,4,104,104,105,22364,4236,3599,3599,22301,4227,3590,3590,10,454988,454988,0,1.7356414794921875,0.9370473537604456,0.9341236646601444,0.7825932263184209,0.9387905035265374,0.7936795880558609,0.7784363872167871,results\canonical_protocol_only\core_comparison\pamap2\acc16_gyro\overlapping\loso\deep\pamap2\gnn_flatten_lstm\sequence
pamap2,loso,gnn_flatten_lstm,sequence,5,105,105,106,22076,3887,4236,4236,22013,3878,4227,4227,12,454988,454988,0,1.7356414794921875,0.9063165365507452,0.9037943241560088,0.9022684333441914,0.907036828219596,0.9038995494566155,0.9037943241560088,results\canonical_protocol_only\core_comparison\pamap2\acc16_gyro\overlapping\loso\deep\pamap2\gnn_flatten_lstm\sequence
pamap2,loso,gnn_flatten_lstm,sequence,6,106,106,107,22695,3617,3887,3887,22632,3608,3878,3878,12,454988,454988,0,1.7356414794921875,0.851985559566787,0.7789913147337796,0.7766779377474964,0.8526660332204411,0.7861892726237754,0.7789913147337796,results\canonical_protocol_only\core_comparison\pamap2\acc16_gyro\overlapping\loso\deep\pamap2\gnn_flatten_lstm\sequence
pamap2,loso,gnn_flatten_lstm,sequence,7,107,107,108,22506,4076,3617,3617,22443,4067,3608,3608,11,454988,454988,0,1.7356414794921875,0.9661862527716186,0.9452550750547822,0.8726964368107422,0.9660441691004188,0.8809312058968821,0.8664838188002171,results\canonical_protocol_only\core_comparison\pamap2\acc16_gyro\overlapping\loso\deep\pamap2\gnn_flatten_lstm\sequence
pamap2,loso,gnn_flatten_lstm,sequence,8,108,108,109,26025,98,4076,4076,25962,89,4067,4067,12,454988,454988,0,1.7356414794921875,0.6132284238996804,0.5926005323302691,0.5147296300522858,0.5702300299401997,0.6407406085705734,0.5926005323302691,results\canonical_protocol_only\core_comparison\pamap2\acc16_gyro\overlapping\loso\deep\pamap2\gnn_flatten_lstm\sequence
pamap2,loso,gnn_flatten_lstm,sequence,9,109,109,101,26218,3883,98,98,26155,3874,89,89,1,454988,454988,0,1.7356414794921875,0.9775280898876404,0.9775280898876404,0.0823863636363636,0.9886363636363636,0.0833333333333333,0.0814606741573033,results\canonical_protocol_only\core_comparison\pamap2\acc16_gyro\overlapping\loso\deep\pamap2\gnn_flatten_lstm\sequence
pamap2,loso,gnn_learnable_adj,window,1,101,101,102,22221,4095,3883,3883,22221,4095,3883,3883,12,11333,11333,0,0.0432319641113281,0.7602369302086016,0.7165041520238863,0.70095883857257,0.7368963073866583,0.7222378802703807,0.7165041520238863,results\canonical_protocol_only\core_comparison\pamap2\acc16_gyro\overlapping\loso\deep\pamap2\gnn_learnable_adj\window
pamap2,loso,gnn_learnable_adj,window,2,102,102,103,23396,2708,4095,4095,23396,2708,4095,4095,12,11333,11333,0,0.0432319641113281,0.7694749694749695,0.7741635253800001,0.7651263425786706,0.7702099770040506,0.8004397096416539,0.7741635253800001,results\canonical_protocol_only\core_comparison\pamap2\acc16_gyro\overlapping\loso\deep\pamap2\gnn_learnable_adj\window
pamap2,loso,gnn_learnable_adj,window,3,103,103,104,23892,3599,2708,2708,23892,3599,2708,2708,8,11333,11333,0,0.0432319641113281,0.8445347119645494,0.8025404731937141,0.5446195493963909,0.8428539186087532,0.5769769919403801,0.5350269821291428,results\canonical_protocol_only\core_comparison\pamap2\acc16_gyro\overlapping\loso\deep\pamap2\gnn_learnable_adj\window
pamap2,loso,gnn_learnable_adj,window,4,104,104,105,22364,4236,3599,3599,22364,4236,3599,3599,10,11333,11333,0,0.0432319641113281,0.8749652681300362,0.8677162849790865,0.7243526038571458,0.8769000563155381,0.7322059544724234,0.7230969041492387,results\canonical_protocol_only\core_comparison\pamap2\acc16_gyro\overlapping\loso\deep\pamap2\gnn_learnable_adj\window
pamap2,loso,gnn_learnable_adj,window,5,105,105,106,22076,3887,4236,4236,22076,3887,4236,4236,12,11333,11333,0,0.0432319641113281,0.790604343720491,0.781889370281348,0.7617146598235451,0.7889849577413247,0.7946085234926558,0.781889370281348,results\canonical_protocol_only\core_comparison\pamap2\acc16_gyro\overlapping\loso\deep\pamap2\gnn_learnable_adj\window
pamap2,loso,gnn_learnable_adj,window,6,106,106,107,22695,3617,3887,3887,22695,3617,3887,3887,12,11333,11333,0,0.0432319641113281,0.8757396449704142,0.7982144790206798,0.7982175957494594,0.8794993428971574,0.8034896128573141,0.7982144790206798,results\canonical_protocol_only\core_comparison\pamap2\acc16_gyro\overlapping\loso\deep\pamap2\gnn_learnable_adj\window
pamap2,loso,gnn_learnable_adj,window,7,107,107,108,22506,4076,3617,3617,22506,4076,3617,3617,11,11333,11333,0,0.0432319641113281,0.8305225324854852,0.8137650458158727,0.7497365536144743,0.835566513964789,0.7683335724514165,0.7459512919978833,results\canonical_protocol_only\core_comparison\pamap2\acc16_gyro\overlapping\loso\deep\pamap2\gnn_learnable_adj\window
pamap2,loso,gnn_learnable_adj,window,8,108,108,109,26025,98,4076,4076,26025,98,4076,4076,12,11333,11333,0,0.0432319641113281,0.5642787046123651,0.5422935109368846,0.4835731970002978,0.5366630591537161,0.5147346007019631,0.5422935109368846,results\canonical_protocol_only\core_comparison\pamap2\acc16_gyro\overlapping\loso\deep\pamap2\gnn_learnable_adj\window
pamap2,loso,gnn_learnable_adj,window,9,109,109,101,26218,3883,98,98,26218,3883,98,98,1,11333,11333,0,0.0432319641113281,0.7551020408163265,0.7551020408163265,0.0717054263565891,0.8604651162790697,0.0833333333333333,0.0629251700680272,results\canonical_protocol_only\core_comparison\pamap2\acc16_gyro\overlapping\loso\deep\pamap2\gnn_learnable_adj\window
pamap2,loso,gnn_lstm,sequence,1,101,101,102,22221,4095,3883,3883,22158,4086,3874,3874,12,246412,246412,0,0.9399871826171876,0.8172431595250387,0.8244464833833236,0.8219297385706262,0.8131618543400423,0.8307656790211083,0.8244464833833236,results\canonical_protocol_only\core_comparison\pamap2\acc16_gyro\overlapping\loso\deep\pamap2\gnn_lstm\sequence
pamap2,loso,gnn_lstm,sequence,2,102,102,103,23396,2708,4095,4095,23333,2699,4086,4086,12,246412,246412,0,0.9399871826171876,0.899657366617719,0.8839995733036662,0.8853794355848006,0.8967202292493305,0.9060131002659088,0.8839995733036662,results\canonical_protocol_only\core_comparison\pamap2\acc16_gyro\overlapping\loso\deep\pamap2\gnn_lstm\sequence
pamap2,loso,gnn_lstm,sequence,3,103,103,104,23892,3599,2708,2708,23829,3590,2699,2699,8,246412,246412,0,0.9399871826171876,0.838829195998518,0.8159713229052464,0.5509141963120417,0.8426016332424164,0.5850584631338235,0.5439808819368309,results\canonical_protocol_only\core_comparison\pamap2\acc16_gyro\overlapping\loso\deep\pamap2\gnn_lstm\sequence
pamap2,loso,gnn_lstm,sequence,4,104,104,105,22364,4236,3599,3599,22301,4227,3590,3590,10,246412,246412,0,0.9399871826171876,0.9122562674094707,0.9104836158095362,0.7571305248014691,0.913409229842422,0.7607772702980511,0.7587363465079467,results\canonical_protocol_only\core_comparison\pamap2\acc16_gyro\overlapping\loso\deep\pamap2\gnn_lstm\sequence
pamap2,loso,gnn_lstm,sequence,5,105,105,106,22076,3887,4236,4236,22013,3878,4227,4227,12,246412,246412,0,0.9399871826171876,0.8944878164182636,0.8689223717488836,0.8746144046693699,0.8933245071795862,0.8906809689793943,0.8689223717488836,results\canonical_protocol_only\core_comparison\pamap2\acc16_gyro\overlapping\loso\deep\pamap2\gnn_lstm\sequence
pamap2,loso,gnn_lstm,sequence,6,106,106,107,22695,3617,3887,3887,22632,3608,3878,3878,12,246412,246412,0,0.9399871826171876,0.8416709644146467,0.7644345279690222,0.7583808686223371,0.8363871801575309,0.8023370391627919,0.7644345279690222,results\canonical_protocol_only\core_comparison\pamap2\acc16_gyro\overlapping\loso\deep\pamap2\gnn_lstm\sequence
pamap2,loso,gnn_lstm,sequence,7,107,107,108,22506,4076,3617,3617,22443,4067,3608,3608,11,246412,246412,0,0.9399871826171876,0.863359201773836,0.851056464327431,0.7931390879625049,0.8763761535705622,0.8365273916071132,0.780135092300145,results\canonical_protocol_only\core_comparison\pamap2\acc16_gyro\overlapping\loso\deep\pamap2\gnn_lstm\sequence
pamap2,loso,gnn_lstm,sequence,8,108,108,109,26025,98,4076,4076,25962,89,4067,4067,12,246412,246412,0,0.9399871826171876,0.3870174575854438,0.3864673571327868,0.3518660864404148,0.3720934944587212,0.4347242614652398,0.3864673571327868,results\canonical_protocol_only\core_comparison\pamap2\acc16_gyro\overlapping\loso\deep\pamap2\gnn_lstm\sequence
pamap2,loso,gnn_lstm,sequence,9,109,109,101,26218,3883,98,98,26155,3874,89,89,1,246412,246412,0,0.9399871826171876,1.0,1.0,0.0833333333333333,1.0,0.0833333333333333,0.0833333333333333,results\canonical_protocol_only\core_comparison\pamap2\acc16_gyro\overlapping\loso\deep\pamap2\gnn_lstm\sequence
pamap2,loso,improved_gnn_lstm,sequence,1,101,101,102,22221,4095,3883,3883,22158,4086,3874,3874,12,917133,917133,0,3.498584747314453,0.8709344346928239,0.8736584636481163,0.8814367153398143,0.8746322316974138,0.9065311919051778,0.8736584636481163,results\canonical_protocol_only\core_comparison\pamap2\acc16_gyro\overlapping\loso\deep\pamap2\improved_gnn_lstm\sequence
pamap2,loso,improved_gnn_lstm,sequence,2,102,102,103,23396,2708,4095,4095,23333,2699,4086,4086,12,917133,917133,0,3.498584747314453,0.693587860988742,0.732765651575435,0.6944104285312145,0.6672623353623882,0.7261653447292581,0.732765651575435,results\canonical_protocol_only\core_comparison\pamap2\acc16_gyro\overlapping\loso\deep\pamap2\improved_gnn_lstm\sequence
pamap2,loso,improved_gnn_lstm,sequence,3,103,103,104,23892,3599,2708,2708,23829,3590,2699,2699,8,917133,917133,0,3.498584747314453,0.8851426454242312,0.8910399877477002,0.5949656159457289,0.8889894875351072,0.6083037803034775,0.5940266584984668,results\canonical_protocol_only\core_comparison\pamap2\acc16_gyro\overlapping\loso\deep\pamap2\improved_gnn_lstm\sequence
pamap2,loso,improved_gnn_lstm,sequence,4,104,104,105,22364,4236,3599,3599,22301,4227,3590,3590,10,917133,917133,0,3.498584747314453,0.9428969359331476,0.9389046058917474,0.7832837812269814,0.9434202422362846,0.7873986090129171,0.7824205049097895,results\canonical_protocol_only\core_comparison\pamap2\acc16_gyro\overlapping\loso\deep\pamap2\improved_gnn_lstm\sequence
pamap2,loso,improved_gnn_lstm,sequence,5,105,105,106,22076,3887,4236,4236,22013,3878,4227,4227,12,917133,917133,0,3.498584747314453,0.8963804116394606,0.8975135557727135,0.8920766385662581,0.8969595089511017,0.8902669478475623,0.8975135557727135,results\canonical_protocol_only\core_comparison\pamap2\acc16_gyro\overlapping\loso\deep\pamap2\improved_gnn_lstm\sequence
pamap2,loso,improved_gnn_lstm,sequence,6,106,106,107,22695,3617,3887,3887,22632,3608,3878,3878,12,917133,917133,0,3.498584747314453,0.9071686436307376,0.8333115407905769,0.8288349436467289,0.9082106557017916,0.8272127467463949,0.8333115407905769,results\canonical_protocol_only\core_comparison\pamap2\acc16_gyro\overlapping\loso\deep\pamap2\improved_gnn_lstm\sequence
pamap2,loso,improved_gnn_lstm,sequence,7,107,107,108,22506,4076,3617,3617,22443,4067,3608,3608,11,917133,917133,0,3.498584747314453,0.9634146341463414,0.9388359681847532,0.8688260547125983,0.9631446128847652,0.880467321255844,0.8605996375026904,results\canonical_protocol_only\core_comparison\pamap2\acc16_gyro\overlapping\loso\deep\pamap2\improved_gnn_lstm\sequence
pamap2,loso,improved_gnn_lstm,sequence,8,108,108,109,26025,98,4076,4076,25962,89,4067,4067,12,917133,917133,0,3.498584747314453,0.7270715515121712,0.7028390320251426,0.6445084452577692,0.6782554077883933,0.6634789779245643,0.7028390320251426,results\canonical_protocol_only\core_comparison\pamap2\acc16_gyro\overlapping\loso\deep\pamap2\improved_gnn_lstm\sequence
pamap2,loso,improved_gnn_lstm,sequence,9,109,109,101,26218,3883,98,98,26155,3874,89,89,1,917133,917133,0,3.498584747314453,1.0,1.0,0.0833333333333333,1.0,0.0833333333333333,0.0833333333333333,results\canonical_protocol_only\core_comparison\pamap2\acc16_gyro\overlapping\loso\deep\pamap2\improved_gnn_lstm\sequence
pamap2,loso,improved_gnn_lstm_attn_adj,sequence,1,101,101,102,22221,4095,3883,3883,22158,4086,3874,3874,12,917574,917574,0,3.5002670288085938,0.8784202374806401,0.8790319402339009,0.884275557956379,0.8805375771591776,0.9110375132358016,0.8790319402339009,results\canonical_protocol_only\core_comparison\pamap2\acc16_gyro\overlapping\loso\deep\pamap2\improved_gnn_lstm_attn_adj\sequence
pamap2,loso,improved_gnn_lstm_attn_adj,sequence,2,102,102,103,23396,2708,4095,4095,23333,2699,4086,4086,12,917574,917574,0,3.5002670288085938,0.7880567792462065,0.7567710582076169,0.7404854807433399,0.7762046620058187,0.8377876018594504,0.7567710582076169,results\canonical_protocol_only\core_comparison\pamap2\acc16_gyro\overlapping\loso\deep\pamap2\improved_gnn_lstm_attn_adj\sequence
pamap2,loso,improved_gnn_lstm_attn_adj,sequence,3,103,103,104,23892,3599,2708,2708,23829,3590,2699,2699,8,917574,917574,0,3.5002670288085938,0.9003334568358652,0.8799307686079075,0.5960294641346803,0.9004300604006831,0.6129560927841813,0.5866205124052717,results\canonical_protocol_only\core_comparison\pamap2\acc16_gyro\overlapping\loso\deep\pamap2\improved_gnn_lstm_attn_adj\sequence
pamap2,loso,improved_gnn_lstm_attn_adj,sequence,4,104,104,105,22364,4236,3599,3599,22301,4227,3590,3590,10,917574,917574,0,3.5002670288085938,0.8565459610027855,0.8587637698668974,0.6988962739973097,0.831864399415529,0.75890356283858,0.7156364748890812,results\canonical_protocol_only\core_comparison\pamap2\acc16_gyro\overlapping\loso\deep\pamap2\improved_gnn_lstm_attn_adj\sequence
pamap2,loso,improved_gnn_lstm_attn_adj,sequence,5,105,105,106,22076,3887,4236,4236,22013,3878,4227,4227,12,917574,917574,0,3.5002670288085938,0.8933049444050154,0.8865442587480863,0.8961330417269044,0.8943516314105331,0.914228588347462,0.8865442587480863,results\canonical_protocol_only\core_comparison\pamap2\acc16_gyro\overlapping\loso\deep\pamap2\improved_gnn_lstm_attn_adj\sequence
pamap2,loso,improved_gnn_lstm_attn_adj,sequence,6,106,106,107,22695,3617,3887,3887,22632,3608,3878,3878,12,917574,917574,0,3.5002670288085938,0.8674574522949974,0.7784892841766741,0.787288731710947,0.8731217598088901,0.8132195432896333,0.7784892841766741,results\canonical_protocol_only\core_comparison\pamap2\acc16_gyro\overlapping\loso\deep\pamap2\improved_gnn_lstm_attn_adj\sequence
pamap2,loso,improved_gnn_lstm_attn_adj,sequence,7,107,107,108,22506,4076,3617,3617,22443,4067,3608,3608,11,917574,917574,0,3.5002670288085938,0.9631374722838136,0.9441494831360469,0.8729963050119506,0.9631377007775652,0.8833376927423392,0.8654703595413763,results\canonical_protocol_only\core_comparison\pamap2\acc16_gyro\overlapping\loso\deep\pamap2\improved_gnn_lstm_attn_adj\sequence
pamap2,loso,improved_gnn_lstm_attn_adj,sequence,8,108,108,109,26025,98,4076,4076,25962,89,4067,4067,12,917574,917574,0,3.5002670288085938,0.6754364396360955,0.6205367810498182,0.5750169954319343,0.6545653496984394,0.6063358898021741,0.6205367810498182,results\canonical_protocol_only\core_comparison\pamap2\acc16_gyro\overlapping\loso\deep\pamap2\improved_gnn_lstm_attn_adj\sequence
pamap2,loso,improved_gnn_lstm_attn_adj,sequence,9,109,109,101,26218,3883,98,98,26155,3874,89,89,1,917574,917574,0,3.5002670288085938,0.9775280898876404,0.9775280898876404,0.0823863636363636,0.9886363636363636,0.0833333333333333,0.0814606741573033,results\canonical_protocol_only\core_comparison\pamap2\acc16_gyro\overlapping\loso\deep\pamap2\improved_gnn_lstm_attn_adj\sequence
pamap2,loso,lstm,window,1,101,101,102,22221,4095,3883,3883,22221,4095,3883,3883,12,216908,216908,0,0.8274383544921875,0.6783414885397888,0.6775783245533323,0.6576209455338132,0.6562505019098201,0.6987197082278348,0.6775783245533323,results\canonical_protocol_only\core_comparison\pamap2\acc16_gyro\overlapping\loso\deep\pamap2\lstm\window
pamap2,loso,lstm,window,2,102,102,103,23396,2708,4095,4095,23396,2708,4095,4095,12,216908,216908,0,0.8274383544921875,0.6336996336996337,0.6468257184669144,0.5966556366603449,0.5879495626284725,0.7018595375113216,0.6468257184669144,results\canonical_protocol_only\core_comparison\pamap2\acc16_gyro\overlapping\loso\deep\pamap2\lstm\window
pamap2,loso,lstm,window,3,103,103,104,23892,3599,2708,2708,23892,3599,2708,2708,8,216908,216908,0,0.8274383544921875,0.8504431314623339,0.8332930280913555,0.5644515864212265,0.8539815333916808,0.5799638643086532,0.5555286853942369,results\canonical_protocol_only\core_comparison\pamap2\acc16_gyro\overlapping\loso\deep\pamap2\lstm\window
pamap2,loso,lstm,window,4,104,104,105,22364,4236,3599,3599,22364,4236,3599,3599,10,216908,216908,0,0.8274383544921875,0.7413170325090302,0.7480166140080418,0.5876604757738574,0.7085612532645819,0.5659866639257993,0.6233471783400347,results\canonical_protocol_only\core_comparison\pamap2\acc16_gyro\overlapping\loso\deep\pamap2\lstm\window
pamap2,loso,lstm,window,5,105,105,106,22076,3887,4236,4236,22076,3887,4236,4236,12,216908,216908,0,0.8274383544921875,0.8054768649669499,0.8142575724998179,0.8099292969331975,0.8086853933077247,0.8162928223884677,0.8142575724998179,results\canonical_protocol_only\core_comparison\pamap2\acc16_gyro\overlapping\loso\deep\pamap2\lstm\window
pamap2,loso,lstm,window,6,106,106,107,22695,3617,3887,3887,22695,3617,3887,3887,12,216908,216908,0,0.8274383544921875,0.8152817082582969,0.7456814960946786,0.7396081233484891,0.8106887738265778,0.7498926997716908,0.7456814960946786,results\canonical_protocol_only\core_comparison\pamap2\acc16_gyro\overlapping\loso\deep\pamap2\lstm\window
pamap2,loso,lstm,window,7,107,107,108,22506,4076,3617,3617,22506,4076,3617,3617,11,216908,216908,0,0.8274383544921875,0.8565109206524745,0.8048946300219075,0.7426374167579808,0.8415222129453119,0.8105598887507653,0.7378200775200819,results\canonical_protocol_only\core_comparison\pamap2\acc16_gyro\overlapping\loso\deep\pamap2\lstm\window
pamap2,loso,lstm,window,8,108,108,109,26025,98,4076,4076,26025,98,4076,4076,12,216908,216908,0,0.8274383544921875,0.3746319921491658,0.3751769040836171,0.3333694250881294,0.3548882052112759,0.3597302394010064,0.3751769040836171,results\canonical_protocol_only\core_comparison\pamap2\acc16_gyro\overlapping\loso\deep\pamap2\lstm\window
pamap2,loso,lstm,window,9,109,109,101,26218,3883,98,98,26218,3883,98,98,1,216908,216908,0,0.8274383544921875,0.7857142857142857,0.7857142857142857,0.0733333333333333,0.8799999999999999,0.0833333333333333,0.0654761904761904,results\canonical_protocol_only\core_comparison\pamap2\acc16_gyro\overlapping\loso\deep\pamap2\lstm\window
