Dataset,Clinical_Activity_Group,Included_Activities,Sensitivity,Specificity,Macro_F1,Main_Confusion
hhar,Ambulatory_Movement,bike; walk,0.6993606312061629,0.8288995973328837,0.6816494298594538,Ambulatory_Movement→Stair_or_High_Intensity_Movement
hhar,Sedentary_or_Rest,sit; stand,0.6243001119816459,0.8580033862982358,0.6471036308897675,Sedentary_or_Rest→Stair_or_High_Intensity_Movement
hhar,Stair_or_High_Intensity_Movement,stairsup; stairsdown,0.6517176764518102,0.7992756122798208,0.6468090382171527,Stair_or_High_Intensity_Movement→Ambulatory_Movement
hhar,Ambulatory_Movement,bike; walk,0.5220938137286057,0.9184549356192854,0.6178600160901045,Ambulatory_Movement→Sedentary_or_Rest
hhar,Sedentary_or_Rest,sit; stand,0.690692792157518,0.6675350048822288,0.5743380855397149,Sedentary_or_Rest→Stair_or_High_Intensity_Movement
hhar,Stair_or_High_Intensity_Movement,stairsup; stairsdown,0.4924999999969219,0.7624137931008192,0.512187195320117,Stair_or_High_Intensity_Movement→Sedentary_or_Rest
hhar,Ambulatory_Movement,bike; walk,0.6573759347338044,0.7923407065011808,0.6305836322138898,Ambulatory_Movement→Stair_or_High_Intensity_Movement
hhar,Sedentary_or_Rest,sit; stand,0.4604618614383453,0.9071963529765316,0.554806070826307,Sedentary_or_Rest→Stair_or_High_Intensity_Movement
hhar,Stair_or_High_Intensity_Movement,stairsup; stairsdown,0.6349999999960313,0.6741379310321581,0.5706262285874755,Stair_or_High_Intensity_Movement→Ambulatory_Movement
