result_set,feature_set,window_type,family,model,test_subject,accuracy,macro_f1,worst_activity,worst_activity_recall,worst_activity_support,dominant_confusion,dominant_confusion_count
canonical_protocol_only,acc16_gyro,non_overlapping,baseline,knn_k5,101,0.8083247687564235,0.808441611316277,descending_stairs,0.4956521739130435,115,standing -> sitting,51
canonical_protocol_only,acc16_gyro,non_overlapping,baseline,knn_k5,102,0.7927840078010726,0.8063408825501598,nordic_walking,0.34051724137931033,232,nordic_walking -> walking,143
canonical_protocol_only,acc16_gyro,non_overlapping,baseline,knn_k5,103,0.7862932940309506,0.5734180510072394,sitting,0.6607142857142857,224,sitting -> standing,68
canonical_protocol_only,acc16_gyro,non_overlapping,baseline,knn_k5,104,0.8264966740576497,0.6871382203038187,descending_stairs,0.5045045045045045,111,nordic_walking -> walking,75
canonical_protocol_only,acc16_gyro,non_overlapping,baseline,knn_k5,105,0.8203677510608204,0.8195097557626622,vacuum_cleaning,0.5473684210526316,190,vacuum_cleaning -> ironing,61
canonical_protocol_only,acc16_gyro,non_overlapping,baseline,knn_k5,106,0.8331622176591376,0.7641528122687234,rope_jumping,0.0,2,standing -> sitting,49
canonical_protocol_only,acc16_gyro,non_overlapping,baseline,knn_k5,107,0.8742415885273028,0.8662163675874208,vacuum_cleaning,0.6488095238095238,168,vacuum_cleaning -> ironing,47
canonical_protocol_only,acc16_gyro,non_overlapping,baseline,knn_k5,108,0.7628613424791769,0.7615133563498632,sitting,0.4972067039106145,179,nordic_walking -> walking,70
canonical_protocol_only,acc16_gyro,non_overlapping,baseline,knn_k5,109,0.5306122448979592,0.07703703703703704,rope_jumping,0.5306122448979592,49,rope_jumping -> running,13
canonical_protocol_only,acc16_gyro,non_overlapping,baseline,random_forest,101,0.8530318602261048,0.8566097638650917,standing,0.591715976331361,169,sitting -> standing,41
canonical_protocol_only,acc16_gyro,non_overlapping,baseline,random_forest,102,0.8717698683568991,0.8717404551323389,descending_stairs,0.6068376068376068,117,sitting -> ironing,41
canonical_protocol_only,acc16_gyro,non_overlapping,baseline,random_forest,103,0.8909358879882093,0.6438253196644339,ascending_stairs,0.725,80,standing -> sitting,16
canonical_protocol_only,acc16_gyro,non_overlapping,baseline,random_forest,104,0.8575388026607539,0.8557238138726296,cycling,0.6666666666666666,177,cycling -> vacuum_cleaning,54
canonical_protocol_only,acc16_gyro,non_overlapping,baseline,random_forest,105,0.8835454974068836,0.887861179309641,vacuum_cleaning,0.7789473684210526,190,vacuum_cleaning -> ironing,34
canonical_protocol_only,acc16_gyro,non_overlapping,baseline,random_forest,106,0.8578028747433265,0.7826604344582829,rope_jumping,0.0,2,standing -> sitting,47
canonical_protocol_only,acc16_gyro,non_overlapping,baseline,random_forest,107,0.9194704908990623,0.9096180675143892,vacuum_cleaning,0.7857142857142857,168,vacuum_cleaning -> ironing,32
canonical_protocol_only,acc16_gyro,non_overlapping,baseline,random_forest,108,0.9093581577658011,0.8995305068542709,rope_jumping,0.7647058823529411,68,vacuum_cleaning -> ironing,13
canonical_protocol_only,acc16_gyro,non_overlapping,baseline,random_forest,109,0.8571428571428571,0.3076923076923077,rope_jumping,0.8571428571428571,49,rope_jumping -> vacuum_cleaning,6
canonical_protocol_only,acc16_gyro,overlapping,baseline,knn_k5,101,0.8168941540046356,0.8153375301316013,descending_stairs,0.5065502183406113,229,standing -> sitting,97
canonical_protocol_only,acc16_gyro,overlapping,baseline,knn_k5,102,0.7978021978021979,0.8111030644132634,nordic_walking,0.3174946004319654,463,nordic_walking -> walking,297
canonical_protocol_only,acc16_gyro,overlapping,baseline,knn_k5,103,0.7998522895125554,0.5359833174926671,sitting,0.6696428571428571,448,sitting -> standing,123
canonical_protocol_only,acc16_gyro,overlapping,baseline,knn_k5,104,0.8291191997777161,0.6921957286462197,descending_stairs,0.5863636363636363,220,nordic_walking -> walking,140
canonical_protocol_only,acc16_gyro,overlapping,baseline,knn_k5,105,0.8312086874409821,0.8311406548569704,vacuum_cleaning,0.5710526315789474,380,vacuum_cleaning -> ironing,122
canonical_protocol_only,acc16_gyro,overlapping,baseline,knn_k5,106,0.84178029328531,0.7711391135081334,rope_jumping,0.0,3,standing -> sitting,87
canonical_protocol_only,acc16_gyro,overlapping,baseline,knn_k5,107,0.8744816145977329,0.793976857616542,vacuum_cleaning,0.6477611940298508,335,vacuum_cleaning -> ironing,92
canonical_protocol_only,acc16_gyro,overlapping,baseline,knn_k5,108,0.7632482826300294,0.7594877886027357,rope_jumping,0.5073529411764706,136,nordic_walking -> walking,131
canonical_protocol_only,acc16_gyro,overlapping,baseline,knn_k5,109,0.5510204081632653,0.07105263157894737,rope_jumping,0.5510204081632653,98,rope_jumping -> running,27
canonical_protocol_only,acc16_gyro,overlapping,baseline,random_forest,101,0.8552665464846768,0.8610762516055921,standing,0.5828402366863905,338,sitting -> standing,82
canonical_protocol_only,acc16_gyro,overlapping,baseline,random_forest,102,0.8703296703296703,0.8714352260918306,descending_stairs,0.6196581196581197,234,sitting -> ironing,92
canonical_protocol_only,acc16_gyro,overlapping,baseline,random_forest,103,0.8962333825701625,0.6487422678950355,ascending_stairs,0.7484276729559748,159,standing -> ironing,27
canonical_protocol_only,acc16_gyro,overlapping,baseline,random_forest,104,0.8585718255070853,0.8574875398717389,cycling,0.6883852691218131,353,cycling -> vacuum_cleaning,101
canonical_protocol_only,acc16_gyro,overlapping,baseline,random_forest,105,0.8862134088762984,0.8886240322196137,descending_stairs,0.7704081632653061,196,vacuum_cleaning -> ironing,66
canonical_protocol_only,acc16_gyro,overlapping,baseline,random_forest,106,0.8646771288911758,0.7884887778874168,rope_jumping,0.0,3,standing -> sitting,54
canonical_protocol_only,acc16_gyro,overlapping,baseline,random_forest,107,0.9189936411390656,0.909996453543108,running,0.7857142857142857,56,vacuum_cleaning -> ironing,63
canonical_protocol_only,acc16_gyro,overlapping,baseline,random_forest,108,0.9131501472031404,0.9043654121577318,rope_jumping,0.7647058823529411,136,vacuum_cleaning -> ironing,26
canonical_protocol_only,acc16_gyro,overlapping,baseline,random_forest,109,0.8469387755102041,0.18342541436464088,rope_jumping,0.8469387755102041,98,rope_jumping -> vacuum_cleaning,11
canonical_protocol_only,acc16_gyro_hr,non_overlapping,baseline,knn_k5,101,0.8083247687564235,0.8056778030680424,descending_stairs,0.4956521739130435,115,standing -> sitting,47
canonical_protocol_only,acc16_gyro_hr,non_overlapping,baseline,knn_k5,102,0.8064358849341785,0.8207703361139318,nordic_walking,0.34051724137931033,232,nordic_walking -> walking,145
canonical_protocol_only,acc16_gyro_hr,non_overlapping,baseline,knn_k5,103,0.8165070007369197,0.545041345762794,vacuum_cleaning,0.689873417721519,158,sitting -> standing,59
canonical_protocol_only,acc16_gyro_hr,non_overlapping,baseline,knn_k5,104,0.8126385809312638,0.6770137452485571,descending_stairs,0.5495495495495496,111,nordic_walking -> walking,80
canonical_protocol_only,acc16_gyro_hr,non_overlapping,baseline,knn_k5,105,0.8378123526638378,0.8383137468281737,vacuum_cleaning,0.5421052631578948,190,vacuum_cleaning -> ironing,64
canonical_protocol_only,acc16_gyro_hr,non_overlapping,baseline,knn_k5,106,0.8444558521560575,0.7760775940553285,rope_jumping,0.0,2,standing -> sitting,45
canonical_protocol_only,acc16_gyro_hr,non_overlapping,baseline,knn_k5,107,0.875896304467733,0.7956359586719642,vacuum_cleaning,0.625,168,vacuum_cleaning -> ironing,50
canonical_protocol_only,acc16_gyro_hr,non_overlapping,baseline,knn_k5,108,0.7765801077902988,0.7803249652000624,sitting,0.5139664804469274,179,nordic_walking -> walking,80
canonical_protocol_only,acc16_gyro_hr,non_overlapping,baseline,knn_k5,109,0.46938775510204084,0.07098765432098765,rope_jumping,0.46938775510204084,49,rope_jumping -> running,16
canonical_protocol_only,acc16_gyro_hr,non_overlapping,baseline,random_forest,101,0.8345323741007195,0.8327382334579531,sitting,0.5846994535519126,183,vacuum_cleaning -> cycling,43
canonical_protocol_only,acc16_gyro_hr,non_overlapping,baseline,random_forest,102,0.8800585080448562,0.8771247405477739,descending_stairs,0.5897435897435898,117,sitting -> ironing,44
canonical_protocol_only,acc16_gyro_hr,non_overlapping,baseline,random_forest,103,0.9086219602063376,0.6043467707102109,descending_stairs,0.7899159663865546,119,standing -> sitting,18
canonical_protocol_only,acc16_gyro_hr,non_overlapping,baseline,random_forest,104,0.8059866962305987,0.6673267782543785,ironing,0.2923076923076923,195,ironing -> vacuum_cleaning,89
canonical_protocol_only,acc16_gyro_hr,non_overlapping,baseline,random_forest,105,0.8939179632248939,0.892446148756448,descending_stairs,0.7755102040816326,98,vacuum_cleaning -> ironing,36
canonical_protocol_only,acc16_gyro_hr,non_overlapping,baseline,random_forest,106,0.8711498973305954,0.7941909613924922,rope_jumping,0.0,2,standing -> sitting,60
canonical_protocol_only,acc16_gyro_hr,non_overlapping,baseline,random_forest,107,0.9161610590182019,0.905988572556404,running,0.7857142857142857,28,vacuum_cleaning -> ironing,29
canonical_protocol_only,acc16_gyro_hr,non_overlapping,baseline,random_forest,108,0.9216070553650172,0.9040589658787596,rope_jumping,0.7941176470588235,68,ironing -> standing,13
canonical_protocol_only,acc16_gyro_hr,non_overlapping,baseline,random_forest,109,0.8979591836734694,0.23655913978494625,rope_jumping,0.8979591836734694,49,rope_jumping -> vacuum_cleaning,3
canonical_protocol_only,acc16_gyro_hr,overlapping,baseline,knn_k5,101,0.8148338913211435,0.8121816270242744,descending_stairs,0.5109170305676856,229,standing -> sitting,85
canonical_protocol_only,acc16_gyro_hr,overlapping,baseline,knn_k5,102,0.8051282051282052,0.8189361832772,nordic_walking,0.3002159827213823,463,nordic_walking -> walking,308
canonical_protocol_only,acc16_gyro_hr,overlapping,baseline,knn_k5,103,0.8323485967503693,0.5559433219364377,vacuum_cleaning,0.7246835443037974,316,sitting -> standing,106
canonical_protocol_only,acc16_gyro_hr,overlapping,baseline,knn_k5,104,0.8263406501806058,0.6905384057556874,descending_stairs,0.6045454545454545,220,nordic_walking -> walking,145
canonical_protocol_only,acc16_gyro_hr,overlapping,baseline,knn_k5,105,0.851038715769594,0.8525201062340176,vacuum_cleaning,0.5657894736842105,380,vacuum_cleaning -> ironing,125
canonical_protocol_only,acc16_gyro_hr,overlapping,baseline,knn_k5,106,0.8484692564960123,0.7784540694117482,rope_jumping,0.0,3,standing -> sitting,94
canonical_protocol_only,acc16_gyro_hr,overlapping,baseline,knn_k5,107,0.8747580868122754,0.7935712190042064,vacuum_cleaning,0.6388059701492538,335,vacuum_cleaning -> ironing,92
canonical_protocol_only,acc16_gyro_hr,overlapping,baseline,knn_k5,108,0.784838076545633,0.7832940039397246,rope_jumping,0.5367647058823529,136,nordic_walking -> walking,144
canonical_protocol_only,acc16_gyro_hr,overlapping,baseline,knn_k5,109,0.5306122448979592,0.08666666666666667,rope_jumping,0.5306122448979592,98,rope_jumping -> running,26
canonical_protocol_only,acc16_gyro_hr,overlapping,baseline,random_forest,101,0.8274530002575329,0.8232706234469568,standing,0.4940828402366864,338,vacuum_cleaning -> cycling,94
canonical_protocol_only,acc16_gyro_hr,overlapping,baseline,random_forest,102,0.8800976800976801,0.877523400031173,descending_stairs,0.6025641025641025,234,sitting -> ironing,89
canonical_protocol_only,acc16_gyro_hr,overlapping,baseline,random_forest,103,0.9095273264401772,0.6586689730858033,standing,0.799373040752351,319,standing -> sitting,37
canonical_protocol_only,acc16_gyro_hr,overlapping,baseline,random_forest,104,0.7966101694915254,0.6597236018475291,ironing,0.27249357326478146,389,ironing -> vacuum_cleaning,209
canonical_protocol_only,acc16_gyro_hr,overlapping,baseline,random_forest,105,0.9032105760151086,0.9005802975658308,descending_stairs,0.7653061224489796,196,vacuum_cleaning -> ironing,70
canonical_protocol_only,acc16_gyro_hr,overlapping,baseline,random_forest,106,0.883972215075894,0.8059925104973487,rope_jumping,0.0,3,standing -> sitting,112
canonical_protocol_only,acc16_gyro_hr,overlapping,baseline,random_forest,107,0.9118053635609621,0.8270531908913115,running,0.7857142857142857,56,vacuum_cleaning -> ironing,59
canonical_protocol_only,acc16_gyro_hr,overlapping,baseline,random_forest,108,0.9288518155053974,0.914372078506308,rope_jumping,0.8088235294117647,136,ironing -> standing,21
canonical_protocol_only,acc16_gyro_hr,overlapping,baseline,random_forest,109,0.8775510204081632,0.23369565217391305,rope_jumping,0.8775510204081632,98,rope_jumping -> vacuum_cleaning,5
canonical_protocol_only,acc16_hr,non_overlapping,baseline,knn_k5,101,0.8062692702980473,0.7988744167892873,descending_stairs,0.4434782608695652,115,sitting -> standing,45
canonical_protocol_only,acc16_hr,non_overlapping,baseline,knn_k5,102,0.8210628961482204,0.8175433105372617,descending_stairs,0.4700854700854701,117,vacuum_cleaning -> ironing,48
canonical_protocol_only,acc16_hr,non_overlapping,baseline,knn_k5,103,0.8061901252763449,0.5405789903778295,sitting,0.6339285714285714,224,sitting -> standing,70
canonical_protocol_only,acc16_hr,non_overlapping,baseline,knn_k5,104,0.8032150776053215,0.6699089642593167,descending_stairs,0.6486486486486487,111,sitting -> standing,46
canonical_protocol_only,acc16_hr,non_overlapping,baseline,knn_k5,105,0.8241395568128241,0.8130338106911311,descending_stairs,0.4489795918367347,98,vacuum_cleaning -> ironing,70
canonical_protocol_only,acc16_hr,non_overlapping,baseline,knn_k5,106,0.8506160164271047,0.777338739817886,rope_jumping,0.0,2,standing -> sitting,64
canonical_protocol_only,acc16_hr,non_overlapping,baseline,knn_k5,107,0.8549365692222836,0.7670135688633352,ascending_stairs,0.5620437956204379,137,ascending_stairs -> walking,40
canonical_protocol_only,acc16_hr,non_overlapping,baseline,knn_k5,108,0.8005879470847623,0.79126520403072,sitting,0.5251396648044693,179,sitting -> ironing,64
canonical_protocol_only,acc16_hr,non_overlapping,baseline,knn_k5,109,0.6938775510204082,0.13654618473895583,rope_jumping,0.6938775510204082,49,rope_jumping -> running,8
canonical_protocol_only,acc16_hr,non_overlapping,baseline,random_forest,101,0.7872559095580678,0.7712934629785594,descending_stairs,0.40869565217391307,115,vacuum_cleaning -> cycling,55
canonical_protocol_only,acc16_hr,non_overlapping,baseline,random_forest,102,0.8395904436860068,0.8275518327354067,descending_stairs,0.29914529914529914,117,sitting -> ironing,47
canonical_protocol_only,acc16_hr,non_overlapping,baseline,random_forest,103,0.8975681650700074,0.651033974422495,ascending_stairs,0.7625,80,standing -> sitting,17
canonical_protocol_only,acc16_hr,non_overlapping,baseline,random_forest,104,0.761640798226164,0.6286041045815056,ironing,0.24615384615384617,195,ironing -> vacuum_cleaning,90
canonical_protocol_only,acc16_hr,non_overlapping,baseline,random_forest,105,0.892032060348892,0.8844782487548387,descending_stairs,0.673469387755102,98,vacuum_cleaning -> ironing,35
canonical_protocol_only,acc16_hr,non_overlapping,baseline,random_forest,106,0.8547227926078029,0.7732839935006393,rope_jumping,0.0,2,standing -> sitting,64
canonical_protocol_only,acc16_hr,non_overlapping,baseline,random_forest,107,0.897407611693326,0.8103695327359811,descending_stairs,0.6555555555555556,90,vacuum_cleaning -> ironing,26
canonical_protocol_only,acc16_hr,non_overlapping,baseline,random_forest,108,0.9201371876531113,0.9009651864680656,descending_stairs,0.7567567567567568,74,ironing -> standing,14
canonical_protocol_only,acc16_hr,non_overlapping,baseline,random_forest,109,0.8367346938775511,0.18222222222222223,rope_jumping,0.8367346938775511,49,rope_jumping -> ascending_stairs,3
canonical_protocol_only,acc16_hr,overlapping,baseline,knn_k5,101,0.8091681689415401,0.8031975026717225,descending_stairs,0.4585152838427948,229,sitting -> standing,88
canonical_protocol_only,acc16_hr,overlapping,baseline,knn_k5,102,0.8239316239316239,0.8223616149593281,descending_stairs,0.5085470085470085,234,nordic_walking -> walking,105
canonical_protocol_only,acc16_hr,overlapping,baseline,knn_k5,103,0.8105612998522895,0.5443931748341976,sitting,0.625,448,sitting -> standing,141
canonical_protocol_only,acc16_hr,overlapping,baseline,knn_k5,104,0.7949430397332592,0.6626114953706196,sitting,0.6196473551637279,397,sitting -> standing,105
canonical_protocol_only,acc16_hr,overlapping,baseline,knn_k5,105,0.8368744098205855,0.828298732474857,descending_stairs,0.4744897959183674,196,vacuum_cleaning -> ironing,127
canonical_protocol_only,acc16_hr,overlapping,baseline,knn_k5,106,0.8525855415487522,0.7811061213572339,rope_jumping,0.0,3,standing -> sitting,112
canonical_protocol_only,acc16_hr,overlapping,baseline,knn_k5,107,0.86508155930329,0.7740096465925091,descending_stairs,0.5586592178770949,179,ascending_stairs -> walking,67
canonical_protocol_only,acc16_hr,overlapping,baseline,knn_k5,108,0.7924435721295388,0.7797713652112575,sitting,0.49859943977591037,357,sitting -> ironing,130
canonical_protocol_only,acc16_hr,overlapping,baseline,knn_k5,109,0.6632653061224489,0.11393514460999123,rope_jumping,0.6632653061224489,98,rope_jumping -> running,16
canonical_protocol_only,acc16_hr,overlapping,baseline,random_forest,101,0.7746587689930466,0.7568456652632939,descending_stairs,0.4104803493449782,229,vacuum_cleaning -> cycling,134
canonical_protocol_only,acc16_hr,overlapping,baseline,random_forest,102,0.8241758241758241,0.8091207946905379,descending_stairs,0.23504273504273504,234,sitting -> ironing,94
canonical_protocol_only,acc16_hr,overlapping,baseline,random_forest,103,0.9110044313146234,0.7252591375176795,descending_stairs,0.7787234042553192,235,standing -> sitting,37
canonical_protocol_only,acc16_hr,overlapping,baseline,random_forest,104,0.7596554598499583,0.6274965458620146,ironing,0.2596401028277635,389,ironing -> vacuum_cleaning,194
canonical_protocol_only,acc16_hr,overlapping,baseline,random_forest,105,0.8954202077431539,0.8884028337631401,descending_stairs,0.7142857142857143,196,vacuum_cleaning -> ironing,69
canonical_protocol_only,acc16_hr,overlapping,baseline,random_forest,106,0.853357344996141,0.7744691234662614,rope_jumping,0.0,3,standing -> sitting,123
canonical_protocol_only,acc16_hr,overlapping,baseline,random_forest,107,0.8869228642521426,0.8032710039486037,descending_stairs,0.6983240223463687,179,standing -> lying,60
canonical_protocol_only,acc16_hr,overlapping,baseline,random_forest,108,0.9259077526987243,0.9091272800276397,descending_stairs,0.7905405405405406,148,ironing -> standing,22
canonical_protocol_only,acc16_hr,overlapping,baseline,random_forest,109,0.826530612244898,0.18100558659217877,rope_jumping,0.826530612244898,98,rope_jumping -> ascending_stairs,6
canonical_protocol_only_v3,acc16_gyro,non_overlapping,deep,improved_gnn_lstm_attn_adj_resbn,101,0.9008776458440888,0.9046565900203198,sitting,0.6010928961748634,183,sitting -> standing,47
canonical_protocol_only_v3,acc16_gyro,non_overlapping,deep,improved_gnn_lstm_attn_adj_resbn,102,0.8334965719882468,0.8196602757555836,nordic_walking,0.12931034482758622,232,nordic_walking -> rope_jumping,155
canonical_protocol_only_v3,acc16_gyro,non_overlapping,deep,improved_gnn_lstm_attn_adj_resbn,103,0.870919881305638,0.8725794726417809,sitting,0.49107142857142855,224,sitting -> standing,112
canonical_protocol_only_v3,acc16_gyro,non_overlapping,deep,improved_gnn_lstm_attn_adj_resbn,104,0.9337047353760446,0.9267886268828184,cycling,0.5875706214689266,177,cycling -> vacuum_cleaning,71
canonical_protocol_only_v3,acc16_gyro,non_overlapping,deep,improved_gnn_lstm_attn_adj_resbn,105,0.8806818181818182,0.8791503821780696,standing,0.47093023255813954,172,standing -> ironing,61
canonical_protocol_only_v3,acc16_gyro,non_overlapping,deep,improved_gnn_lstm_attn_adj_resbn,106,0.9427539969056214,0.8606346391079535,rope_jumping,0.0,2,ironing -> standing,16
canonical_protocol_only_v3,acc16_gyro,non_overlapping,deep,improved_gnn_lstm_attn_adj_resbn,107,0.975609756097561,0.8891436829304077,running,0.9285714285714286,28,vacuum_cleaning -> ironing,10
canonical_protocol_only_v3,acc16_gyro,non_overlapping,deep,improved_gnn_lstm_attn_adj_resbn,108,0.7047244094488189,0.6182917242160457,nordic_walking,0.0,225,nordic_walking -> walking,117
canonical_protocol_only_v3,acc16_gyro,non_overlapping,deep,improved_gnn_lstm_attn_adj_resbn,109,0.65,0.3939393939393939,rope_jumping,0.65,40,rope_jumping -> running,14
canonical_protocol_only_v3,acc16_gyro,non_overlapping,deep,improved_gnn_lstm_res,101,0.8771295818275684,0.8808414436076214,sitting,0.5573770491803278,183,vacuum_cleaning -> cycling,47
canonical_protocol_only_v3,acc16_gyro,non_overlapping,deep,improved_gnn_lstm_res,102,0.8050930460333007,0.7379184021851136,running,0.027777777777777776,72,nordic_walking -> descending_stairs,174
canonical_protocol_only_v3,acc16_gyro,non_overlapping,deep,improved_gnn_lstm_res,103,0.9124629080118695,0.7294297148586243,ironing,0.8394495412844036,218,sitting -> standing,24
canonical_protocol_only_v3,acc16_gyro,non_overlapping,deep,improved_gnn_lstm_res,104,0.8557103064066852,0.8346197452313096,cycling,0.12429378531073447,177,cycling -> vacuum_cleaning,153
canonical_protocol_only_v3,acc16_gyro,non_overlapping,deep,improved_gnn_lstm_res,105,0.8925189393939394,0.8936594467654606,standing,0.47674418604651164,172,standing -> ironing,62
canonical_protocol_only_v3,acc16_gyro,non_overlapping,deep,improved_gnn_lstm_res,106,0.8958225889633832,0.826761051568533,standing,0.49473684210526314,190,standing -> sitting,77
canonical_protocol_only_v3,acc16_gyro,non_overlapping,deep,improved_gnn_lstm_res,107,0.975609756097561,0.9714119838360389,running,0.9285714285714286,28,ironing -> standing,7
canonical_protocol_only_v3,acc16_gyro,non_overlapping,deep,improved_gnn_lstm_res,108,0.6619094488188977,0.5795786651393463,nordic_walking,0.0,225,nordic_walking -> descending_stairs,218
canonical_protocol_only_v3,acc16_gyro,non_overlapping,deep,improved_gnn_lstm_res,109,0.0,0.0,rope_jumping,0.0,40,rope_jumping -> running,40
canonical_protocol_only_v3,acc16_gyro,overlapping,deep,improved_gnn_lstm_attn_adj_resbn,101,0.8332472896231286,0.8215466805647936,descending_stairs,0.3231441048034934,229,descending_stairs -> ascending_stairs,128
canonical_protocol_only_v3,acc16_gyro,overlapping,deep,improved_gnn_lstm_attn_adj_resbn,102,0.8702887909936368,0.8347721855828397,descending_stairs,0.13675213675213677,234,descending_stairs -> cycling,94
canonical_protocol_only_v3,acc16_gyro,overlapping,deep,improved_gnn_lstm_attn_adj_resbn,103,0.9299740644683216,0.6209244396168776,ironing,0.8348623853211009,436,ironing -> standing,33
canonical_protocol_only_v3,acc16_gyro,overlapping,deep,improved_gnn_lstm_attn_adj_resbn,104,0.9317548746518106,0.8457343134040937,standing,0.7792207792207793,385,standing -> sitting,80
canonical_protocol_only_v3,acc16_gyro,overlapping,deep,improved_gnn_lstm_attn_adj_resbn,105,0.9079725573692926,0.9100434676029655,sitting,0.7392344497607656,418,sitting -> standing,98
canonical_protocol_only_v3,acc16_gyro,overlapping,deep,improved_gnn_lstm_attn_adj_resbn,106,0.9167096441464673,0.8375798242153593,rope_jumping,0.0,3,standing -> sitting,60
canonical_protocol_only_v3,acc16_gyro,overlapping,deep,improved_gnn_lstm_attn_adj_resbn,107,0.9578713968957872,0.8659898142412622,vacuum_cleaning,0.7910447761194029,335,vacuum_cleaning -> sitting,48
canonical_protocol_only_v3,acc16_gyro,overlapping,deep,improved_gnn_lstm_attn_adj_resbn,108,0.7046963363658717,0.7177220962139385,nordic_walking,0.0,450,nordic_walking -> sitting,443
canonical_protocol_only_v3,acc16_gyro,overlapping,deep,improved_gnn_lstm_attn_adj_resbn,109,0.9775280898876404,0.4943181818181818,rope_jumping,0.9775280898876404,89,rope_jumping -> running,2
canonical_protocol_only_v3,acc16_gyro,overlapping,deep,improved_gnn_lstm_res,101,0.8913267940113577,0.8990617542984789,sitting,0.7041095890410959,365,sitting -> standing,85
canonical_protocol_only_v3,acc16_gyro,overlapping,deep,improved_gnn_lstm_res,102,0.8788546255506607,0.8691868299643618,descending_stairs,0.5726495726495726,234,sitting -> ironing,91
canonical_protocol_only_v3,acc16_gyro,overlapping,deep,improved_gnn_lstm_res,103,0.8918117821415339,0.6509742652112306,sitting,0.7700892857142857,448,sitting -> lying,88
canonical_protocol_only_v3,acc16_gyro,overlapping,deep,improved_gnn_lstm_res,104,0.9434540389972145,0.9442357662721786,standing,0.7584415584415585,385,standing -> sitting,93
canonical_protocol_only_v3,acc16_gyro,overlapping,deep,improved_gnn_lstm_res,105,0.9188549798911758,0.9189253507815565,sitting,0.7655502392344498,418,sitting -> standing,95
canonical_protocol_only_v3,acc16_gyro,overlapping,deep,improved_gnn_lstm_res,106,0.890149561629706,0.8159209844836056,rope_jumping,0.0,3,sitting -> standing,119
canonical_protocol_only_v3,acc16_gyro,overlapping,deep,improved_gnn_lstm_res,107,0.9675720620842572,0.957889967064018,running,0.7857142857142857,56,vacuum_cleaning -> ironing,28
canonical_protocol_only_v3,acc16_gyro,overlapping,deep,improved_gnn_lstm_res,108,0.6016719940988443,0.5077731126045331,nordic_walking,0.0,450,nordic_walking -> descending_stairs,438
canonical_protocol_only_v3,acc16_gyro,overlapping,deep,improved_gnn_lstm_res,109,0.6404494382022472,0.3904109589041096,rope_jumping,0.6404494382022472,89,rope_jumping -> running,32
canonical_protocol_only_v3,acc16_gyro_hr,non_overlapping,deep,improved_gnn_lstm_attn_adj_resbn,101,0.9106866288074342,0.9105398238362262,sitting,0.5792349726775956,183,sitting -> standing,57
canonical_protocol_only_v3,acc16_gyro_hr,non_overlapping,deep,improved_gnn_lstm_attn_adj_resbn,102,0.8746327130264446,0.7831520243399064,running,0.027777777777777776,72,running -> rope_jumping,58
canonical_protocol_only_v3,acc16_gyro_hr,non_overlapping,deep,improved_gnn_lstm_attn_adj_resbn,103,0.9250741839762612,0.823707311549317,sitting,0.8125,224,sitting -> standing,42
canonical_protocol_only_v3,acc16_gyro_hr,non_overlapping,deep,improved_gnn_lstm_attn_adj_resbn,104,0.9398328690807799,0.8564593084622447,standing,0.7823834196891192,193,standing -> sitting,42
canonical_protocol_only_v3,acc16_gyro_hr,non_overlapping,deep,improved_gnn_lstm_attn_adj_resbn,105,0.8925189393939394,0.892792814795472,standing,0.4186046511627907,172,standing -> ironing,79
canonical_protocol_only_v3,acc16_gyro_hr,non_overlapping,deep,improved_gnn_lstm_attn_adj_resbn,106,0.9195461578133058,0.8698484610096261,rope_jumping,0.5,2,standing -> sitting,65
canonical_protocol_only_v3,acc16_gyro_hr,non_overlapping,deep,improved_gnn_lstm_attn_adj_resbn,107,0.958980044345898,0.9465484286030587,running,0.7857142857142857,28,standing -> sitting,27
canonical_protocol_only_v3,acc16_gyro_hr,non_overlapping,deep,improved_gnn_lstm_attn_adj_resbn,108,0.6756889763779528,0.6010459183139355,nordic_walking,0.0,225,nordic_walking -> vacuum_cleaning,119
canonical_protocol_only_v3,acc16_gyro_hr,non_overlapping,deep,improved_gnn_lstm_attn_adj_resbn,109,0.4,0.19047619047619047,rope_jumping,0.4,40,rope_jumping -> running,23
canonical_protocol_only_v3,acc16_gyro_hr,non_overlapping,deep,improved_gnn_lstm_res,101,0.8838409912235415,0.8852826748091635,sitting,0.5027322404371585,183,sitting -> standing,50
canonical_protocol_only_v3,acc16_gyro_hr,non_overlapping,deep,improved_gnn_lstm_res,102,0.7624877571008815,0.706774391285533,running,0.041666666666666664,72,walking -> ascending_stairs,196
canonical_protocol_only_v3,acc16_gyro_hr,non_overlapping,deep,improved_gnn_lstm_res,103,0.9384272997032641,0.9353198829874827,standing,0.7125,160,standing -> sitting,29
canonical_protocol_only_v3,acc16_gyro_hr,non_overlapping,deep,improved_gnn_lstm_res,104,0.8629526462395544,0.7005426315422766,cycling,0.12994350282485875,177,cycling -> vacuum_cleaning,150
canonical_protocol_only_v3,acc16_gyro_hr,non_overlapping,deep,improved_gnn_lstm_res,105,0.9223484848484849,0.9170150777656386,standing,0.5,172,standing -> ironing,36
canonical_protocol_only_v3,acc16_gyro_hr,non_overlapping,deep,improved_gnn_lstm_res,106,0.9025270758122743,0.8501100838085246,vacuum_cleaning,0.75,164,standing -> sitting,45
canonical_protocol_only_v3,acc16_gyro_hr,non_overlapping,deep,improved_gnn_lstm_res,107,0.9661862527716186,0.9641989648723189,vacuum_cleaning,0.8869047619047619,168,vacuum_cleaning -> ironing,15
canonical_protocol_only_v3,acc16_gyro_hr,non_overlapping,deep,improved_gnn_lstm_res,108,0.687007874015748,0.5902120894276041,sitting,0.0446927374301676,179,sitting -> standing,168
canonical_protocol_only_v3,acc16_gyro_hr,non_overlapping,deep,improved_gnn_lstm_res,109,0.0,0.0,rope_jumping,0.0,40,rope_jumping -> running,40
canonical_protocol_only_v3,acc16_gyro_hr,overlapping,deep,improved_gnn_lstm_attn_adj_resbn,101,0.8002065049044915,0.8025930776761966,sitting,0.40273972602739727,365,vacuum_cleaning -> cycling,163
canonical_protocol_only_v3,acc16_gyro_hr,overlapping,deep,improved_gnn_lstm_attn_adj_resbn,102,0.8859520313264807,0.8704405799931143,descending_stairs,0.44871794871794873,234,sitting -> ironing,80
canonical_protocol_only_v3,acc16_gyro_hr,overlapping,deep,improved_gnn_lstm_attn_adj_resbn,103,0.9466469062615783,0.9460454445056301,standing,0.8871473354231975,319,sitting -> standing,22
canonical_protocol_only_v3,acc16_gyro_hr,overlapping,deep,improved_gnn_lstm_attn_adj_resbn,104,0.8676880222841226,0.7045032235378237,standing,0.0987012987012987,385,standing -> descending_stairs,121
canonical_protocol_only_v3,acc16_gyro_hr,overlapping,deep,improved_gnn_lstm_attn_adj_resbn,105,0.9134137686302342,0.9102408411957281,standing,0.7238372093023255,344,sitting -> standing,78
canonical_protocol_only_v3,acc16_gyro_hr,overlapping,deep,improved_gnn_lstm_attn_adj_resbn,106,0.908457968024755,0.8346784194683452,rope_jumping,0.0,3,standing -> sitting,151
canonical_protocol_only_v3,acc16_gyro_hr,overlapping,deep,improved_gnn_lstm_attn_adj_resbn,107,0.9553769401330376,0.9425027977551871,running,0.75,56,standing -> sitting,39
canonical_protocol_only_v3,acc16_gyro_hr,overlapping,deep,improved_gnn_lstm_attn_adj_resbn,108,0.7516597000245882,0.6783385661916101,nordic_walking,0.0,450,nordic_walking -> sitting,439
canonical_protocol_only_v3,acc16_gyro_hr,overlapping,deep,improved_gnn_lstm_attn_adj_resbn,109,1.0,1.0,rope_jumping,1.0,89,none,0
canonical_protocol_only_v3,acc16_gyro_hr,overlapping,deep,improved_gnn_lstm_res,101,0.8709344346928239,0.8694546239109183,sitting,0.5753424657534246,365,sitting -> standing,85
canonical_protocol_only_v3,acc16_gyro_hr,overlapping,deep,improved_gnn_lstm_res,102,0.7887909936368086,0.7821703617267765,walking,0.045364891518737675,507,walking -> ascending_stairs,474
canonical_protocol_only_v3,acc16_gyro_hr,overlapping,deep,improved_gnn_lstm_res,103,0.924416450537236,0.6705167319379287,ironing,0.8692660550458715,436,ironing -> sitting,31
canonical_protocol_only_v3,acc16_gyro_hr,overlapping,deep,improved_gnn_lstm_res,104,0.9256267409470752,0.7681909437515277,ironing,0.5681233933161953,389,ironing -> vacuum_cleaning,108
canonical_protocol_only_v3,acc16_gyro_hr,overlapping,deep,improved_gnn_lstm_res,105,0.9037142181215992,0.9014036633841492,sitting,0.6291866028708134,418,sitting -> standing,106
canonical_protocol_only_v3,acc16_gyro_hr,overlapping,deep,improved_gnn_lstm_res,106,0.8994326972666323,0.8209920128347461,rope_jumping,0.0,3,standing -> sitting,119
canonical_protocol_only_v3,acc16_gyro_hr,overlapping,deep,improved_gnn_lstm_res,107,0.9484478935698448,0.93810535490146,standing,0.8229426433915212,401,standing -> sitting,71
canonical_protocol_only_v3,acc16_gyro_hr,overlapping,deep,improved_gnn_lstm_res,108,0.7728055077452668,0.7421925086849027,ascending_stairs,0.07222222222222222,180,sitting -> standing,177
canonical_protocol_only_v3,acc16_gyro_hr,overlapping,deep,improved_gnn_lstm_res,109,1.0,1.0,rope_jumping,1.0,89,none,0
canonical_protocol_only_v3,acc16_hr,non_overlapping,deep,improved_gnn_lstm_attn_adj_resbn,101,0.8714506969540526,0.8773615226104278,vacuum_cleaning,0.5754189944134078,179,vacuum_cleaning -> cycling,70
canonical_protocol_only_v3,acc16_hr,non_overlapping,deep,improved_gnn_lstm_attn_adj_resbn,102,0.7105778648383937,0.7046097898746798,walking,0.07480314960629922,254,walking -> ascending_stairs,233
canonical_protocol_only_v3,acc16_hr,non_overlapping,deep,improved_gnn_lstm_attn_adj_resbn,103,0.8976261127596439,0.9007603756769633,sitting,0.7366071428571429,224,sitting -> standing,59
canonical_protocol_only_v3,acc16_hr,non_overlapping,deep,improved_gnn_lstm_attn_adj_resbn,104,0.8941504178272981,0.8113650937431843,standing,0.44041450777202074,193,standing -> sitting,104
canonical_protocol_only_v3,acc16_hr,non_overlapping,deep,improved_gnn_lstm_attn_adj_resbn,105,0.9512310606060606,0.9483428381688479,vacuum_cleaning,0.8947368421052632,190,vacuum_cleaning -> sitting,17
canonical_protocol_only_v3,acc16_hr,non_overlapping,deep,improved_gnn_lstm_attn_adj_resbn,106,0.9112944816915935,0.8705207591945903,standing,0.5368421052631579,190,standing -> sitting,86
canonical_protocol_only_v3,acc16_hr,non_overlapping,deep,improved_gnn_lstm_attn_adj_resbn,107,0.926829268292683,0.8935113044921024,nordic_walking,0.6830357142857143,224,nordic_walking -> running,68
canonical_protocol_only_v3,acc16_hr,non_overlapping,deep,improved_gnn_lstm_attn_adj_resbn,108,0.5910433070866141,0.4998639615341613,nordic_walking,0.0,225,nordic_walking -> descending_stairs,190
canonical_protocol_only_v3,acc16_hr,non_overlapping,deep,improved_gnn_lstm_attn_adj_resbn,109,1.0,1.0,rope_jumping,1.0,40,none,0
canonical_protocol_only_v3,acc16_hr,non_overlapping,deep,improved_gnn_lstm_res,101,0.8998451213216314,0.8983379799114345,sitting,0.5519125683060109,183,sitting -> standing,50
canonical_protocol_only_v3,acc16_hr,non_overlapping,deep,improved_gnn_lstm_res,102,0.7047012732615083,0.7012452574968046,nordic_walking,0.004310344827586207,232,walking -> ascending_stairs,206
canonical_protocol_only_v3,acc16_hr,non_overlapping,deep,improved_gnn_lstm_res,103,0.870919881305638,0.6795418986524056,ascending_stairs,0.3875,80,standing -> ironing,34
canonical_protocol_only_v3,acc16_hr,non_overlapping,deep,improved_gnn_lstm_res,104,0.8974930362116992,0.8104549033509275,sitting,0.35175879396984927,199,sitting -> standing,126
canonical_protocol_only_v3,acc16_hr,non_overlapping,deep,improved_gnn_lstm_res,105,0.9142992424242424,0.9003425184958075,descending_stairs,0.5510204081632653,98,descending_stairs -> ascending_stairs,41
canonical_protocol_only_v3,acc16_hr,non_overlapping,deep,improved_gnn_lstm_res,106,0.9040742650850954,0.8480585197034717,standing,0.5421052631578948,190,standing -> sitting,74
canonical_protocol_only_v3,acc16_hr,non_overlapping,deep,improved_gnn_lstm_res,107,0.9456762749445676,0.8506666217488547,running,0.75,28,descending_stairs -> ascending_stairs,14
canonical_protocol_only_v3,acc16_hr,non_overlapping,deep,improved_gnn_lstm_res,108,0.5625,0.464835750690473,nordic_walking,0.0,225,sitting -> standing,175
canonical_protocol_only_v3,acc16_hr,non_overlapping,deep,improved_gnn_lstm_res,109,1.0,1.0,rope_jumping,1.0,40,none,0
canonical_protocol_only_v3,acc16_hr,overlapping,deep,improved_gnn_lstm_attn_adj_resbn,101,0.8198244708311823,0.8033829179479265,descending_stairs,0.28820960698689957,229,descending_stairs -> ascending_stairs,160
canonical_protocol_only_v3,acc16_hr,overlapping,deep,improved_gnn_lstm_attn_adj_resbn,102,0.7165932452276065,0.7184193492790363,walking,0.15779092702169625,507,nordic_walking -> vacuum_cleaning,340
canonical_protocol_only_v3,acc16_hr,overlapping,deep,improved_gnn_lstm_attn_adj_resbn,103,0.9051500555761393,0.7274930382925291,sitting,0.7790178571428571,448,sitting -> lying,99
canonical_protocol_only_v3,acc16_hr,overlapping,deep,improved_gnn_lstm_attn_adj_resbn,104,0.8345403899721449,0.6842163222453066,standing,0.14805194805194805,385,standing -> sitting,307
canonical_protocol_only_v3,acc16_hr,overlapping,deep,improved_gnn_lstm_attn_adj_resbn,105,0.8798202034539863,0.8697300994053544,vacuum_cleaning,0.5710526315789474,380,vacuum_cleaning -> ironing,116
canonical_protocol_only_v3,acc16_hr,overlapping,deep,improved_gnn_lstm_attn_adj_resbn,106,0.9265085095410005,0.8460023414510283,rope_jumping,0.0,3,standing -> sitting,76
canonical_protocol_only_v3,acc16_hr,overlapping,deep,improved_gnn_lstm_attn_adj_resbn,107,0.9603658536585366,0.8696932396477038,running,0.7857142857142857,56,vacuum_cleaning -> ironing,36
canonical_protocol_only_v3,acc16_hr,overlapping,deep,improved_gnn_lstm_attn_adj_resbn,108,0.6715023358741087,0.6617978605416214,nordic_walking,0.0,450,ironing -> sitting,424
canonical_protocol_only_v3,acc16_hr,overlapping,deep,improved_gnn_lstm_attn_adj_resbn,109,1.0,1.0,rope_jumping,1.0,89,none,0
canonical_protocol_only_v3,acc16_hr,overlapping,deep,improved_gnn_lstm_res,101,0.8182756840474962,0.7961295588149992,rope_jumping,0.305,200,rope_jumping -> running,120
canonical_protocol_only_v3,acc16_hr,overlapping,deep,improved_gnn_lstm_res,102,0.7351933431228586,0.7090376801198429,walking,0.021696252465483234,507,walking -> ascending_stairs,478
canonical_protocol_only_v3,acc16_hr,overlapping,deep,improved_gnn_lstm_res,103,0.8873656909966654,0.598744236611212,sitting,0.7678571428571429,448,sitting -> standing,100
canonical_protocol_only_v3,acc16_hr,overlapping,deep,improved_gnn_lstm_res,104,0.9323119777158775,0.7788818523798154,ironing,0.7634961439588689,389,ironing -> vacuum_cleaning,42
canonical_protocol_only_v3,acc16_hr,overlapping,deep,improved_gnn_lstm_res,105,0.9143600662408328,0.911655473100932,sitting,0.7583732057416268,418,sitting -> standing,90
canonical_protocol_only_v3,acc16_hr,overlapping,deep,improved_gnn_lstm_res,106,0.8880866425992779,0.8171901993311906,rope_jumping,0.0,3,standing -> sitting,144
canonical_protocol_only_v3,acc16_hr,overlapping,deep,improved_gnn_lstm_res,107,0.9478935698447893,0.9370730346472672,running,0.7857142857142857,56,vacuum_cleaning -> ironing,52
canonical_protocol_only_v3,acc16_hr,overlapping,deep,improved_gnn_lstm_res,108,0.4430784361937546,0.37944154813340925,nordic_walking,0.0,450,nordic_walking -> descending_stairs,439
canonical_protocol_only_v3,acc16_hr,overlapping,deep,improved_gnn_lstm_res,109,0.9213483146067416,0.47953216374269003,rope_jumping,0.9213483146067416,89,rope_jumping -> running,7
